Workbook
Name ACR_List_End: 'DA-DR'!$B$35
Name ACR_List_St: 'DA-DR'!$B$27
Name Applicabilit: REQUIREMENTS!$D$7
Name Applicability: Revisions!$C$23:$C$27
Name Auteur_Creation: Revisions!$D$11
Name Client: HEADER!$H$2
Name Comment: REQUIREMENTS!$F$7
Name Conformit: REQUIREMENTS!$E$7
Name Conformity: Revisions!$C$30:$C$36
Name DA_List_End: 'DA-DR'!$B$13
Name DA_List_St: 'DA-DR'!$B$9
Name Date_Creation: Revisions!$C$11
Name Date_Edition: HEADER!$H$10
Name Des_Creation: Revisions!$F$11
Name Description: REQUIREMENTS!$C$7
Name DR_List_End: 'DA-DR'!$B$22
Name DR_List_St: 'DA-DR'!$B$18
Name Identifier: REQUIREMENTS!$B$7
Name Projet: HEADER!$H$3
Name Reference: HEADER!$H$9
Name Title: REQUIREMENTS!$A$7
Name Type: Revisions!$A$4

Sheet HEADER
G2: Client : | H2: CLIENT
G3: Project : | H3: PROJET
B9: Document classification : | G9: Reference : | H9: HM00XXX/MX/XXXX/2X
B10: Public | C10: Commer. In confidence | D10: Internal Only | G10: Date: | H10: xx/xx/20xx
G11: Edition : | H11: 00
B16: Applicability and Conformity MATRIX to xxxxxx
B19: Subtitle
B36: APPROBATION QUALITE Quality approbation | D36: Nom / Name | F36: Date-Signature / Date-Signature
D37: Quality Manager
B41: VERIFICATION Verification | D41: Nom / Name | F41: Date-Signature / Date-Signature
D42: Project Manager
B46: REDACTION Redaction | D46: Nom / Name | F46: Date-Signature / Date-Signature
B53: EXPORT CONTROL STATUS: Not Listed/Not Controlled ou Listed/Controlled

Sheet Revisions
A1: PROJET : Project | C1: =HEADER!H3 -> PROJET
A2: =HEADER!B16 -> Applicability and Conformity MATRIX to xxxxxx
A3: Type / Type | C3: Référence / Reference | H3: Edition / Issue
A4: exemple : CM | C4: =HEADER!H9 -> HM00XXX/MX/XXXX/2X | H4: =HEADER!H11 -> 00
A8: Suivi des modifications / Record of revisions
B10: Edition / Issue | C10: Date | D10: Auteur / Author | F10: Description des modifications / Description of the modifications
B11: 00 | C11: xx/xx/20xx
A17: Objet / Summary
B20: This document presents the list of requirements and the status of applicability / conformity.
B22: The possible values for the applicability are the following :
C23: NA | D23: Not Applicable
C24: A | D24: Applicable
C25: A/M | D25: Applicable with modification (refer to comment)
C26: TBC | D26: To Be Confirmed
C27: T | D27: Title
B29: The possible values for the conformity are the following :
C30: NA | D30: Not Applicable
C31: C | D31: Compliant
C32: C TBC | D32: Compliant but shall be confirmed with further analyses
C33: PC | D33: Partially Compliant
C34: NC | D34: Not Compliant
C35: TBC | D35: To Be Confirmed
C36: T | D36: Title
A40: Indicateurs / Metrics
C43: Applicability | F43: Conformity
C44: Status | D44: Nb | E44: % | F44: Status | G44: Nb | H44: %
C45: =C23 -> NA | D45: =COUNTIF(REQUIREMENTS!$D:$D,C45) -> 1 | E45: =D45/(COUNTBLANK(REQUIREMENTS!Z:Z)-COUNTBLANK(REQUIREMENTS!C:C)-COUNTIFS(REQUIREMENTS!D:D,"T",REQUIREMENTS!C:C,"<>")-4) -> 0.5 | F45: =C30 -> NA | G45: =COUNTIF(REQUIREMENTS!$E:$E,F45) -> 1 | H45: =G45/(COUNTBLANK(REQUIREMENTS!Z:Z)-COUNTBLANK(REQUIREMENTS!C:C)-COUNTIFS(REQUIREMENTS!E:E,"T",REQUIREMENTS!C:C,"<>")-4) -> 0.5
C46: =C24 -> A | D46: =COUNTIF(REQUIREMENTS!$D:$D,C46) -> 1 | E46: =D46/(COUNTBLANK(REQUIREMENTS!Z:Z)-COUNTBLANK(REQUIREMENTS!C:C)-COUNTIFS(REQUIREMENTS!D:D,"T",REQUIREMENTS!C:C,"<>")-4) -> 0.5 | F46: =C31 -> C | G46: =COUNTIF(REQUIREMENTS!$E:$E,F46) -> 1 | H46: =G46/(COUNTBLANK(REQUIREMENTS!Z:Z)-COUNTBLANK(REQUIREMENTS!C:C)-COUNTIFS(REQUIREMENTS!E:E,"T",REQUIREMENTS!C:C,"<>")-4) -> 0.5
C47: =C25 -> A/M | D47: =COUNTIF(REQUIREMENTS!$D:$D,C47) -> 0 | E47: =D47/(COUNTBLANK(REQUIREMENTS!Z:Z)-COUNTBLANK(REQUIREMENTS!C:C)-COUNTIFS(REQUIREMENTS!D:D,"T",REQUIREMENTS!C:C,"<>")-4) -> 0 | F47: =C32 -> C TBC | G47: =COUNTIF(REQUIREMENTS!$E:$E,F47) -> 0 | H47: =G47/(COUNTBLANK(REQUIREMENTS!Z:Z)-COUNTBLANK(REQUIREMENTS!C:C)-COUNTIFS(REQUIREMENTS!E:E,"T",REQUIREMENTS!C:C,"<>")-4) -> 0
C48: =C26 -> TBC | D48: =COUNTIF(REQUIREMENTS!$D:$D,C48) -> 0 | E48: =D48/(COUNTBLANK(REQUIREMENTS!Z:Z)-COUNTBLANK(REQUIREMENTS!C:C)-COUNTIFS(REQUIREMENTS!D:D,"T",REQUIREMENTS!C:C,"<>")-4) -> 0 | F48: =C33 -> PC | G48: =COUNTIF(REQUIREMENTS!$E:$E,F48) -> 0 | H48: =G48/(COUNTBLANK(REQUIREMENTS!Z:Z)-COUNTBLANK(REQUIREMENTS!C:C)-COUNTIFS(REQUIREMENTS!E:E,"T",REQUIREMENTS!C:C,"<>")-4) -> 0
F49: =C34 -> NC | G49: =COUNTIF(REQUIREMENTS!$E:$E,F49) -> 0 | H49: =G49/(COUNTBLANK(REQUIREMENTS!Z:Z)-COUNTBLANK(REQUIREMENTS!C:C)-COUNTIFS(REQUIREMENTS!E:E,"T",REQUIREMENTS!C:C,"<>")-4) -> 0
F50: =C35 -> TBC | G50: =COUNTIF(REQUIREMENTS!$E:$E,F50) -> 0 | H50: =G50/(COUNTBLANK(REQUIREMENTS!Z:Z)-COUNTBLANK(REQUIREMENTS!C:C)-COUNTIFS(REQUIREMENTS!E:E,"T",REQUIREMENTS!C:C,"<>")-4) -> 0
C51: TOTAL | D51: =SUM(D45:D50) -> 2 | E51: =SUM(E45:E50) -> 1 | F51: TOTAL | G51: =SUM(G45:G50) -> 2 | H51: =SUM(H45:H50) -> 1

Sheet DA-DR
A1: PROJET : Project | C1: =HEADER!H3 -> PROJET
A2: =HEADER!B16 -> Applicability and Conformity MATRIX to xxxxxx
A3: Type / Type | C3: Référence / Reference | E3: Edition / Issue
A4: =Revisions!A4 -> exemple : CM | C4: =HEADER!H9 -> HM00XXX/MX/XXXX/2X | E4: =HEADER!H11 -> 00
A7: Documents Applicables / Applicable Documents
B9: DA / AD | C9: Titre / Title | D9: Référence / Reference | E9: Edition / Issue
A16: Documents de Référence / Reference Documents
B18: DR / RD | C18: Titre / Title | D18: Référence / Reference | E18: Edition / Issue
A25: Acronymes / Acronyms
B27: Acronym | C27: Description

Sheet REQUIREMENTS
A1: PROJET / Project : | C1: =HEADER!H3 -> PROJET
A2: =HEADER!B16 -> Applicability and Conformity MATRIX to xxxxxx | H2: Mode d'emploi de ces colonnes : (si non utilisées : à supprimer)
A3: Type / Type | C3: Référence / Reference | F3: Edition / Issue | H3: Colonnes à remplir pour traçabilité des exigences spéciales à utilisation interne uniquement
A4: =Revisions!A4 -> exemple : CM | C4: =HEADER!H9 -> HM00XXX/MX/XXXX/2X | F4: =HEADER!H11 -> 00 | H4: Faire un "Enregistrer sous" du document en version "non livrable" .
H5: Puis supprimer ces colonnes pour la version livrable client
A7: Title | B7: Identifier | C7: Description | D7: Applicability | E7: Conformity | F7: Comment / Justification | H7: Exigences spéciales? | I7: Métiers impactés? | J7: Commentaires
A8: TITRE 1 | D8: T | E8: T
A9: Titre 2 | D9: T | E9: T
B10: PROJ_DOC_REQ_xxx | C10: Texte | D10: A | E10: C
B11: PROJ_DOC_REQ_xxx | C11: Texte | D11: NA | E11: NA

Sheet Champs
A3: Applicability | D3: Compliance
A4: Not Applicable | B4: NA | D4: Not Applicable | E4: NA
A5: Applicable | B5: A | D5: Compliant | E5: C
A6: Applicable with modification (refer to comment) | B6: A/M | D6: Compliant but shall be confirmed with further analyses | E6: C TBC
A7: To Be Confirmed | B7: TBC | D7: Partially Compliant | E7: PC
A8: Title | B8: T | D8: Not Compliant | E8: NC
D9: To Be Confirmed | E9: TBC
D10: Title | E10: T
